{
    "nl_file": "r134a_expressions.nl",
    "expr_map": [
        0,
        1,
        2,
        3,
        4,
        15,
        5,
        6,
        7,
        8,
        9,
        10,
        11,
        12,
        13,
        14,
        1000
    ],
    "var_map": [
        0,
        1,
        1000
    ],
    "param": {
        "R": 0.081488856,
        "MW": 102.032,
        "T_star": 374.18,
        "rho_star": 508.0,
        "Tc": 374.21,
        "rhoc": 511.95,
        "Pc": 4059.11,
        "Tt": 169.85,
        "Pt": 0.391,
        "rhot_l": 1591.1,
        "rhot_v": 0.028172,
        "P_min": 1e-09,
        "P_max": 70000.0,
        "rho_max": 2500.0,
        "T_min": 168,
        "T_max": 460
    }
}